price_id;price_range
1;Not Available
2;€14-€29
3;€8-€17
4;€10-€35
5;€12-€26
6;€12-€30
7;€10-€50
8;€10-€30
9;€7-€14
10;€11-€23
11;€26-€106
12;€3-€17
13;€12-€40
14;€17-€25
15;€11-€18
16;€10-€45
17;€4-€20
18;€9-€25
19;€12-€25
20;€12-€33
21;€8-€25
22;€5-€65
23;€10-€25
24;€18-€25
25;€6-€15
26;€21-€60
27;€10-€15
28;€15-€35
29;€5-€20
30;€10-€20
31;€10-€28
32;€30-€50
33;€13-€25
34;€14-€35
35;€7-€45
36;€9-€35
37;€24-€31
38;€4-€9
39;€10-€16
40;€13-€18
41;€4-€11
42;€15-€25
43;€11-€20
44;€3-€8
45;€13-€30
46;€13-€26
47;€15-€20
48;€5-€10
49;€7-€15
50;€10-€17
51;€6-€11
52;€6-€12
53;€9-€13
54;€40-€65
55;€25-€41
56;€18-€29
57;€3-€15
58;€12-€20
59;€18-€39
60;€20-€36
61;€9-€20
62;€25-€50
63;€15-€30
64;€5-€15
65;€7-€20
66;€8-€28
67;€29-€49
68;€10-€14
69;€15-€29
70;€60-€120
71;€13-€22
72;€15-€28
73;€22-€25
74;€2-€10
75;€4-€15
76;€33-€73
77;€8-€14
78;€8-€12
79;€11-€19
80;€15-€50
81;€16-€30
82;€28-€58
83;€7-€25
84;€24-€39
85;€12-€56
86;€39-€138
87;€5-€16
88;€6-€10
89;€8-€22
90;€40-€100
91;€12-€55
92;€14-€28
93;€6-€21
94;€9-€14
95;€14-€26
96;€12-€28
97;€18-€45
98;€9-€15
99;€11-€22
100;€24-€32
101;€8-€13
102;€8-€29
103;€24-€38
104;€25-€32
105;€8-€15
106;€11-€28
107;€5-€30
108;€16-€55
109;€5-€21
110;€9-€16
111;€3-€13
112;€4-€22
113;€6-€20
114;€15-€15
115;€17-€60
116;€16-€32
117;€22-€33
118;€11-€17
119;€3-€12
120;€4-€21
121;€21-€50
122;€9-€30
123;€8-€41
124;€10-€29
125;€10-€21
126;€20-€45
127;€19-€40
128;€6-€22
129;€9-€19
130;€4-€10
131;€2-€14
132;€12-€17
133;€3-€10
134;€9-€22
135;€13-€24
136;€21-€64
137;€10-€46
138;€7-€30
139;€15-€45
140;€12-€18
141;€7-€11
142;€10-€26
143;€10-€18
144;€16-€50
145;€7-€16
146;€15-€38
147;€28-€35
148;€12-€35
149;€2-€9
150;€11-€30
151;€19-€50
152;€4-€25
153;€20-€35
154;€10-€40
155;€2-€17
156;€15-€44
157;€15-€40
158;€9-€29
159;€7-€21
160;€25-€39
161;€30-€65
162;€3-€7
163;€4-€8
164;€21-€21
165;€4-€14
166;€18-€60
167;€11-€16
168;€17-€32
169;€17-€55
170;€7-€28
171;€25-€58
172;€12-€16
173;€5-€40
174;€16-€35
175;€10-€22
176;€15-€31
177;€5-€12
178;€1-€2
179;€14-€14
180;€45-€105
181;€13-€37
182;€5-€13
183;€10-€32
184;€23-€42
185;€6-€14
186;€18-€72
187;€14-€45
188;€8-€16
189;€23-€35
190;€17-€40
191;€20-€50
192;€3-€11
193;€18-€70
194;€9-€21
195;€14-€25
196;€18-€23
197;€17-€24
198;€16-€26
199;€12-€41
200;€6-€17
201;€11-€29
202;€8-€26
203;€2-€20
204;€2-€11
205;€20-€40
206;€9-€18
207;€9-€50
208;€12-€21
209;€8-€37
210;€13-€19
211;€17-€29
212;€4-€12
213;€4-€29
214;€17-€38
215;€16-€29
216;€12-€29
217;€7-€12
218;€7-€22
219;€16-€25
220;€30-€60
221;€13-€31
222;€27-€62
223;€23-€39
224;€25-€60
225;€25-€45
226;€15-€41
227;€12-€19
228;€14-€50
229;€10-€34
230;€2-€13
231;€6-€13
232;€15-€18
233;€14-€31
234;€8-€40
235;€18-€24
236;€6-€25
237;€12-€13
238;€3-€100
239;€600-€1,000
240;€13-€29
241;€8-€35
242;€2-€12
243;€19-€12,000
244;€28-€40
245;€10-€55
246;€8-€21
247;€2-€16
248;€22-€30
249;€15-€21
250;€8-€20
251;€12-€38
252;€5-€17
253;€9-€40
254;€15-€39
255;€7-€10
256;€14-€69
257;€15-€24
258;€18-€35
259;€3-€28
260;€27-€68
261;€12-€60
262;€26-€103
263;€42-€115
264;€13-€17
265;€20-€22
266;€9-€17
267;€16-€69
268;€16-€22
269;€26-€55
270;€4-€16
271;€8-€11
272;€10-€36
273;€11-€21
274;€10-€19
275;€11-€80
276;€7-€32
277;€3-€18
278;€2-€3
279;€24-€80
280;€16-€28
281;€14-€48
282;€11-€36
283;€15-€22
284;€11-€40
285;€16-€31
286;€20-€28
287;€10-€37
288;€16-€39
289;€33-€33
290;€18-€40
291;€20-€33
292;€16-€36
293;€17-€35
294;€12-€23
295;€7-€17
296;€25-€55
297;€54-€70
298;€8-€33
299;€16-€45
300;€8-€30
301;€19-€35
302;€21-€46
303;€11-€45
304;€14-€32
305;€12-€46
306;€10-€31
307;€9-€12
308;€5-€22
309;€14-€27
310;€5-€18
311;€7-€9
312;€13-€16
313;€13-€21
314;€14-€20
315;€1-€4
316;€23-€54
317;€7-€23
318;€19-€39
319;€10-€39
320;€20-€25
321;€25-€25
322;€4-€6
323;€13-€36
324;€10-€130
325;€10-€112
326;€3-€23
327;€4-€17
328;€21-€57
329;€32-€73
330;€14-€33
331;€26-€30
332;€10-€27
333;€27-€36
334;€19-€25
335;€5-€50
336;€5-€14
337;€12-€32
338;€10-€100
339;€2-€15
340;€21-€67
341;€20-€80
342;€9-€44
343;€75-€130
344;€18-€42
345;€12-€39
346;€13-€39
347;€16-€43
348;€2-€5
349;€3-€20
350;€12-€36
351;€4-€13
352;€11-€26
353;€35-€142
354;€17-€30
355;€20-€30
356;€22-€26
357;€21-€55
358;€9-€28
359;€6-€45
360;€11-€32
361;€15-€33
362;€2-€6
363;€7-€13
364;€5-€9
365;€5-€35
366;€21-€44
367;€13-€33
368;€2-€55
369;€8-€19
370;€5-€8
371;€65-€195
372;€21-€83
373;€36-€60
374;€5-€54
375;€3-€14
376;€5-€19
377;€10-€60
378;€7-€18
379;€25-€40
380;€4-€19
381;€13-€20
382;€5-€11
383;€14-€24
384;€2-€18
385;€16-€20
386;€11-€35
387;€8-€100
388;€9-€26
389;€45-€100
390;€3-€25
391;€2-€30
392;€10-€33
393;€6-€24
394;€19-€26
395;€4-€35
396;€14-€17
397;€16-€40
398;€8-€36
399;€2-€8
400;€6-€23
401;€28-€38
402;€21-€26
403;€22-€29
404;€24-€55
405;€7-€19
406;€16-€42
407;€15-€26
408;€12-€22
409;€26-€38
410;€22-€32
411;€14-€38
412;€9-€53
413;€6-€27
414;€6-€28
415;€13-€35
416;€18-€166
417;€29-€70
418;€5-€25
419;€15-€17
420;€5-€49
421;€13-€40
422;€16-€33
423;€17-€26
424;€13-€54
425;€11-€25
426;€17-€45
427;€12-€50
428;€8-€24
429;€8-€83
430;€16-€27
431;€25-€35
432;€17-€33
433;€17-€79
434;€37-€50
435;€59-€140
436;€7-€60
437;€19-€30
438;€41-€124
439;€8-€18
440;€15-€43
441;€17-€86
442;€12-€45
443;€11-€50
444;€19-€45
445;€9-€55
446;€24-€29
447;€13-€28
448;€37-€74
449;€7-€26
450;€14-€18
451;€13-€43
452;€25-€56
453;€17-€21
454;€14-€34
455;€17-€50
456;€20-€99
457;€50-€1,000
458;€12-€37
459;€14-€30
460;€8-€50
461;€4-€18
462;€9-€45
463;€5-€45
464;€14-€49
465;€23-€50
466;€4-€30
467;€6-€19
468;€7-€39
469;€6-€18
470;€10-€12
471;€18-€30
472;€9-€36
473;€6-€40
474;€17-€37
475;€9-€23
476;€6-€9
477;€28-€69
478;€30-€35
479;€12-€14
480;€24-€40
481;€15-€19
482;€15-€49
483;€17-€39
484;€15-€55
485;€11-€37
486;€6-€8
487;€11-€100
488;€8-€23
489;€13-€32
490;€28-€37
491;€11-€31
492;€23-€36
493;€15-€32
494;€12-€34
495;€19-€31
496;€14-€36
497;€12-€12
498;€35-€65
499;€26-€32
500;€5-€24
501;€8-€27
502;€16-€37
503;€10-€24
504;€42-€65
505;€20-€43
506;€3-€21
507;€26-€26
508;€19-€74
509;€26-€71
510;€18-€28
511;€12-€24
512;€15-€23
513;€10-€48
514;€14-€21
515;€32-€90
516;€9-€27
517;€27-€32
518;€16-€51
519;€13-€13
520;€4-€23
521;€35-€99
522;€22-€51
523;€12-€54
524;€14-€59
525;€7-€24
526;€15-€59
527;€20-€42
528;€16-€38
529;€17-€28
530;€9-€33
531;€10-€67
532;€7-€50
533;€6-€65
534;€19-€29
535;€15-€52
536;€10-€98
537;€3-€9
538;€13-€49
539;€20-€100
540;€20-€46
541;€20-€32
542;€13-€23
543;€13-€46
544;€6-€30
545;€12-€27
546;€10-€11
547;€14-€39
548;€16-€24
549;€13-€60
550;€10-€23
551;€20-€84
552;€12-€62
553;€15-€37
554;€15-€60
555;€14-€40
556;€3-€16
557;€2-€4
558;€1-€3
559;€8-€31
560;€6-€26
561;€10-€41
562;€11-€27
563;€19-€33
564;€35-€48
565;€21-€75
566;€50-€80
567;€7-€29
568;€63-€153
569;€25-€31
570;€25-€80
571;€32-€54
572;€9-€24
573;€17-€58
574;€24-€45
575;€20-€60
576;€19-€38
577;€2-€60
578;€14-€23
579;€28-€60
580;€9-€60
581;€9-€39
582;€21-€29
583;€6-€29
584;€22-€60
585;€6-€16
586;€23-€47
587;€25-€59
588;€32-€50
589;€15-€34
590;€18-€34
591;€10-€124
592;€36-€36
593;€4-€40
594;€38-€127
595;€17-€85
596;€18-€76
597;€9-€32
598;€45-€95
599;€3-€5
600;€78-€118
601;€18-€38
602;€12-€15
603;€3-€44
604;€26-€66
605;€11-€34
606;€6-€35
607;€621-€1,118
608;€7-€8
609;€13-€34
610;€32-€41
611;€32-€55
612;€48-€95
613;€2-€83
614;€35-€55
615;€2-€7
616;€4-€7
617;€14-€55
618;€26-€36
619;€10-€70
620;€4-€52
621;€18-€50
622;€13-€55
623;€6-€60
624;€30-€40
625;€35-€42
626;€13-€15
627;€6-€100
628;€8-€10
629;€5-€26
630;€18-€32
631;€49-€79
632;€7-€43
633;€10-€49
634;€7-€35
635;€3-€75
636;€2-€100
637;€11-€24
638;€29-€41
639;€19-€67
640;€11-€15
641;€17-€17
642;€16-€34
643;€33-€45
644;€22-€41
645;€25-€69
646;€19-€24
647;€14-€52
648;€18-€22
649;€23-€46
650;€19-€49
651;€48-€90
652;€31-€123
653;€3-€29
654;€19-€59
655;€36-€62
656;€33-€72
657;€22-€38
658;€18-€65
659;€6-€50
660;€15-€42
661;€39-€155
662;€17-€23
663;€7-€33
664;€3-€30
665;€15-€36
666;€14-€19
667;€13-€38
668;€17-€31
669;€25-€74
670;€37-€70
671;€34-€101
672;€5-€250
673;€13-€27
674;€14-€22
675;€3-€50
676;€34-€72
677;€25-€70
678;€19-€102
679;€11-€69
680;€20-€39
681;€17-€20
682;€9-€100
683;€24-€84
684;€18-€55
685;€70-€190
686;€7-€31
687;€9-€31
688;€32-€115
689;€30-€100
690;€17-€22
691;€24-€26
692;€85-€150
693;€28-€88
694;€3-€26
695;€15-€80
696;€11-€60
697;€8-€60
698;€20-€44
699;€13-€50
700;€14-€41
701;€19-€41
702;€19-€37
703;€12-€79
704;€5-€83
705;€11-€38
706;€5-€60
707;€17-€46
708;€21-€43
709;€14-€44
710;€25-€29
711;€14-€37
712;€17-€69
713;€14-€150
714;€17-€27
715;€9-€41
716;€14-€60
717;€35-€45
718;€34-€47
719;€16-€23
720;€3-€59
721;€2-€25
722;€3-€35
723;€21-€41
724;€6-€70
725;€32-€81
726;€9-€34
727;€27-€70
728;€24-€91
729;€28-€36
730;€30-€55
731;€8-€8
732;€17-€52
733;€85-€130
734;€25-€30
735;€53-€58
736;€26-€50
737;€25-€65
738;€29-€39
739;€19-€62
740;€16-€99
741;€11-€75
742;€12-€91
743;€19-€27
744;€17-€34
745;€3-€70
746;€16-€46
747;€32-€128
748;€16-€56
749;€13-€45
750;€26-€49
751;€15-€82
752;€15-€53
753;€18-€52
754;€26-€45
755;€18-€44
756;€10-€90
757;€21-€70
758;€23-€78
759;€9-€11
760;€12-€43
761;€8-€9
762;€7-€34
763;€21-€31
764;€11-€33
765;€11-€43
766;€25-€51
767;€16-€16
768;€10-€38
769;€29-€99
770;€20-€26
771;€33-€52
772;€32-€52
773;€14-€65
774;€4-€42
775;€22-€40
776;€16-€54
777;€6-€32
778;€15-€48
779;€29-€900
780;€20-€24
781;€19-€36
782;€32-€48
783;€22-€35
784;€21-€84
785;€2-€29
786;€5-€31
787;€11-€46
788;€26-€107
789;€15-€58
790;€24-€43
791;€22-€65
792;€24-€10,000
793;€29-€55
794;€8-€44
795;€19-€28
796;€22-€55
797;€13-€112
798;€29-€47
799;€30-€45
800;€16-€19
801;€4-€5
802;€12-€31
803;€15-€70
804;€15-€27
805;€16-€59
806;€14-€80
807;€20-€41
808;€18-€62
809;€9-€69
810;€29-€65
811;€22-€28
812;€12-€49
813;€20-€56
814;€11-€13
815;€13-€48
816;€45-€51
817;€21-€27
818;€23-€62
819;€22-€69
820;€39-€109
821;€22-€49
822;€11-€42
823;€24-€65
824;€22-€50
825;€79-€158
826;€19-€42
827;€23-€57
828;€20-€49
829;€27-€110
830;€12-€100
831;€17-€48
832;€30-€30
833;€45-€75
834;€7-€41
835;€4-€59
836;€23-€49
837;€18-€27
838;€5-€38
839;€2-€50
840;€16-€63
841;€19-€44
842;€14-€42
843;€23-€38
844;€17-€83
845;€21-€25
846;€16-€18
847;€24-€35
848;€39-€55
849;€18-€48
850;€4-€27
851;€49-€110
852;€21-€36
853;€22-€39
854;€30-€39
855;€12-€59
856;€25-€48
857;€17-€42
858;€23-€48
859;€23-€43
860;€17-€88
861;€48-€49
862;€23-€40
863;€27-€85
864;€10-€66
865;€58-€58
866;€32-€60
867;€30-€70
868;€100-€180
869;€4-€24
870;€20-€47
871;€21-€34
872;€45-€70
873;€5-€29
874;€17-€36
875;€20-€65
876;€14-€100
877;€13-€100
878;€25-€75
879;€17-€54
880;€21-€48
881;€39-€180
882;€22-€27
883;€14-€15
884;€6-€6
885;€7-€40
886;€17-€121
887;€25-€37
888;€21-€39
889;€45-€150
890;€30-€90
891;€45-€157
892;€25-€27
893;€40-€3,000
894;€33-€95
895;€45-€57
896;€23-€32
897;€11-€41
898;€2-€75
899;€28-€48
900;€21-€38
901;€7-€48
902;€29-€48
903;€22-€62
904;€45-€125
905;€18-€69
906;€11-€11
907;€4-€60
908;€12-€1,200
909;€5-€33
910;€12-€90
911;€50-€150
912;€27-€35
913;€9-€37
914;€21-€58
915;€15-€150
916;€8-€74
917;€26-€41
918;€3-€31
919;€40-€51
920;€50-€65
921;€54-€115
922;€662-€827
923;€11-€14
924;€39-€57
925;€10-€13
926;€1-€5
927;€39-€40
928;€33-€69
929;€5-€7
930;€21-€99
931;€14-€46
932;€22-€42
933;€31-€80
934;€24-€50
935;€6-€69
936;€36-€67
937;€15-€56
938;€20-€37
939;€20-€48
940;€23-€60
941;€45-€90
942;€13-€14
943;€100-€250
944;€21-€28
945;€48-€92
946;€18-€26
947;€36-€59
948;€21-€32
949;€3-€65
950;€3-€300
951;€40-€80
952;€110-€130
953;€35-€50
954;€33-€131
955;€6-€36
956;€17-€100
957;€39-€97
958;€33-€56
959;€18-€56
960;€65-€115
961;€52-€150
962;€30-€44
963;€5-€64
964;€25-€100
965;€11-€12
966;€28-€68
967;€37-€62
968;€33-€55
969;€345-€345
970;€27-€47
971;€4-€26
972;€26-€79
973;€32-€120
974;€22-€64
975;€8-€47
976;€32-€110
977;€11-€39
978;€25-€68
979;€3-€6
980;€17-€49
981;€13-€47
982;€12-€68
983;€20-€500
984;€19-€75
985;€10-€42
986;€40-€70
987;€21-€62
988;€45-€45
989;€33-€59
990;€17-€41
991;€25-€38
992;€65-€110
993;€35-€80
994;€9-€38
995;€7-€42
996;€23-€33
997;€4-€100
998;€26-€28
999;€95-€95
1000;€29-€50
1001;€350-€1,650
1002;€8-€38
1003;€16-€60
1004;€23-€28
1005;€26-€35
1006;€24-€41
1007;€25-€33
1008;€31-€75
1009;€20-€31
1010;€24-€58
1011;€9-€65
1012;€35-€40
1013;€24-€59
1014;€85-€140
1015;€16-€100
1016;€5-€600
1017;€39-€95
1018;€20-€54
1019;€42-€50
1020;€17-€70
1021;€24-€48
1022;€25-€89
1023;€18-€20
1024;€28-€32
1025;€7-€37
1026;€22-€34
1027;€35-€60
1028;€80-€120
1029;€20-€23
1030;€23-€69
1031;€20-€27
1032;€24-€90
1033;€28-€42
1034;€15-€62
1035;€31-€104
1036;€59-€159
1037;€20-€38
1038;€13-€41
1039;€8-€45
1040;€18-€33
1041;€39-€90
1042;€19-€32
1043;€12-€120
1044;€19-€80
1045;€19-€55
1046;€22-€44
1047;€29-€37
1048;€15-€100
1049;€42-€72
1050;€35-€115
1051;€14-€43
1052;€11-€53
1053;€6-€160
1054;€80-€160
1055;€21-€33
1056;€19-€64
1057;€4-€28
1058;€20-€55
1059;€20-€52
1060;€3-€19
1061;€8-€52
1062;€18-€37
1063;€50-€75
1064;€10-€75
1065;€32-€51
1066;€27-€37
1067;€41-€76
1068;€26-€53
1069;€13-€65
1070;€8-€62
1071;€29-€79
1072;€19-€70
1073;€26-€34
1074;€14-€85
1075;€13-€150
1076;€7-€44
1077;€6-€55
1078;€32-€145
1079;€8-€32
1080;€12-€75
1081;€48-€88
1082;€10-€44
1083;€24-€87
1084;€50-€285
1085;€18-€41
1086;€26-€43
1087;€40-€60
1088;€37-€48
1089;€9-€49
1090;€29-€59
1091;€37-€69
1092;€45-€80
1093;€45-€65
1094;€23-€52
1095;€38-€69
1096;€37-€90
1097;€18-€49
1098;€69-€159
1099;€16-€62
1100;€24-€30
1101;€145-€200
1102;€15-€89
1103;€21-€72
1104;€4-€37
1105;€8-€39
1106;€2-€24
1107;€7-€49
1108;€14-€64
1109;€5-€200
1110;€6-€38
1111;€4-€50
1112;€18-€31
1113;€13-€59
1114;€34-€85
1115;€18-€58
1116;€2-€21
1117;€16-€70
1118;€23-€45
1119;€75-€95
1120;€22-€31
1121;€30-€42
1122;€34-€68
1123;€16-€110
1124;€85-€120
1125;€60-€87
1126;€100-€220
1127;€38-€75
1128;€23-€30
1129;€45-€149
1130;€28-€125
1131;€25-€91
1132;€64-€84
1133;€13-€42
1134;€29-€38
1135;€24-€44
1136;€20-€70
1137;€32-€40
1138;€39-€49
1139;€14-€90
1140;€20-€67
1141;€16-€48
1142;€29-€80
1143;€23-€65
1144;€14-€16
1145;€110-€135
1146;€26-€60
1147;€40-€120
1148;€40-€75
1149;€4-€45
1150;€15-€65
1151;€32-€129
1152;€39-€59
1153;€150-€200
1154;€2-€80
1155;€7-€75
1156;€17-€53
1157;€3-€22
1158;€42-€122
1159;€35-€70
1160;€25-€47
1161;€54-€65
1162;€16-€65
1163;€26-€95
1164;€22-€23
1165;€42-€250
1166;€7-€55
1167;€37-€149
1168;€6-€304
1169;€38-€100
1170;€30-€119
1171;€44-€109
1172;€31-€122
1173;€27-€34
1174;€60-€110
1175;€18-€61
1176;€58-€70
1177;€5-€42
1178;€23-€31
1179;€25-€84
1180;€16-€52
1181;€19-€60
1182;€20-€57
1183;€16-€74
1184;€10-€54
1185;€4-€32
1186;€45-€69
1187;€12-€42
1188;€5-€32
1189;€8-€999
1190;€80-€300
1191;€21-€35
1192;€10-€58
1193;€3-€24
1194;€4-€39
1195;€6-€51
1196;€52-€160
1197;€14-€51
1198;€20-€68
1199;€22-€79
1200;€54-€100
1201;€11-€55
1202;€23-€34
1203;€8-€56
1204;€59-€75
1205;€15-€69
1206;€2-€27
1207;€26-€67
1208;€11-€48
1209;€19-€68
1210;€38-€70
1211;€32-€75
1212;€150-€250
1213;€26-€65
1214;€39-€99
1215;€55-€79
1216;€18-€46
1217;€50-€100
1218;€5-€150
1219;CHF 6-CHF 17
1220;CHF 7-CHF 18
1221;CHF 55-CHF 88
1222;CHF 12-CHF 20
1223;CHF 9-CHF 18
1224;CHF 11-CHF 30
1225;CHF 7-CHF 14
1226;CHF 7-CHF 12
1227;CHF 11-CHF 22
1228;CHF 13-CHF 27
1229;CHF 10-CHF 25
1230;CHF 8-CHF 17
1231;CHF 17-CHF 28
1232;CHF 11-CHF 28
1233;CHF 17-CHF 33
1234;CHF 9-CHF 33
1235;CHF 10-CHF 32
1236;CHF 6-CHF 22
1237;CHF 15-CHF 16
1238;CHF 14-CHF 31
1239;CHF 11-CHF 17
1240;CHF 17-CHF 39
1241;CHF 6-CHF 15
1242;CHF 12-CHF 43
1243;CHF 4-CHF 13
1244;CHF 11-CHF 19
1245;CHF 51-CHF 80
1246;CHF 20-CHF 27
1247;CHF 11-CHF 27
1248;CHF 22-CHF 32
1249;CHF 14-CHF 47
1250;CHF 20-CHF 82
1251;CHF 7-CHF 11
1252;CHF 17-CHF 22
1253;CHF 15-CHF 30
1254;CHF 5-CHF 27
1255;CHF 14-CHF 22
1256;CHF 9-CHF 22
1257;CHF 3-CHF 13
1258;CHF 17-CHF 36
1259;CHF 8-CHF 28
1260;CHF 10-CHF 17
1261;CHF 17-CHF 110
1262;CHF 23-CHF 32
1263;CHF 20-CHF 24
1264;CHF 14-CHF 34
1265;CHF 10-CHF 24
1266;CHF 10-CHF 28
1267;CHF 6-CHF 18
1268;CHF 8-CHF 24
1269;CHF 3-CHF 11
1270;CHF 2-CHF 66
1271;CHF 18-CHF 32
1272;CHF 39-CHF 66
1273;CHF 28-CHF 71
1274;CHF 17-CHF 41
1275;CHF 7-CHF 15
1276;CHF 9-CHF 20
1277;CHF 33-CHF 77
1278;CHF 3-CHF 7
1279;CHF 10-CHF 53
1280;CHF 9-CHF 28
1281;CHF 32-CHF 83
1282;CHF 2-CHF 17
1283;CHF 11-CHF 24
1284;CHF 8-CHF 72
1285;CHF 23-CHF 27
1286;CHF 14-CHF 37
1287;CHF 7-CHF 33
1288;CHF 6-CHF 19
1289;CHF 8-CHF 20
1290;CHF 21-CHF 39
1291;CHF 13-CHF 24
1292;CHF 12-CHF 48
1293;CHF 7-CHF 13
1294;CHF 14-CHF 27
1295;CHF 43-CHF 88
1296;CHF 20-CHF 39
1297;CHF 2-CHF 44
1298;CHF 4-CHF 23
1299;CHF 6-CHF 20
1300;CHF 13-CHF 44
1301;CHF 13-CHF 33
1302;CHF 17-CHF 88
1303;CHF 11-CHF 44
1304;CHF 2-CHF 11
1305;CHF 8-CHF 27
1306;CHF 11-CHF 55
1307;CHF 15-CHF 35
1308;CHF 9-CHF 17
1309;CHF 6-CHF 50
1310;€8-€69
1311;CHF 44-CHF 66
1312;CHF 21-CHF 43
1313;CHF 27-CHF 40
1314;CHF 4-CHF 9
1315;CHF 3-CHF 3
1316;CHF 15-CHF 28
1317;CHF 4-CHF 25
1318;CHF 2-CHF 15
1319;CHF 13-CHF 20
1320;CHF 13-CHF 50
1321;CHF 14-CHF 38
1322;CHF 28-CHF 44
1323;CHF 16-CHF 29
1324;CHF 4-CHF 18
1325;CHF 20-CHF 55
1326;CHF 9-CHF 29
1327;CHF 6-CHF 28
1328;CHF 31-CHF 93
1329;CHF 18-CHF 43
1330;CHF 16-CHF 31
1331;CHF 13-CHF 28
1332;CHF 10-CHF 21
1333;CHF 7-CHF 22
1334;CHF 41-CHF 59
1335;CHF 10-CHF 23
1336;CHF 2-CHF 5
1337;CHF 10-CHF 13
1338;CHF 9-CHF 36
1339;CHF 11-CHF 14
1340;CHF 6-CHF 14
1341;CHF 3-CHF 17
1342;CHF 6-CHF 44
1343;CHF 9-CHF 27
1344;CHF 6-CHF 27
1345;CHF 11-CHF 15
1346;CHF 39-CHF 88
1347;CHF 39-CHF 110
1348;CHF 11-CHF 20
1349;CHF 7-CHF 25
1350;CHF 22-CHF 44
1351;CHF 11-CHF 33
1352;CHF 18-CHF 23
1353;CHF 6-CHF 23
1354;CHF 31-CHF 39
1355;CHF 31-CHF 50
1356;CHF 17-CHF 27
1357;CHF 22-CHF 53
1358;CHF 13-CHF 22
1359;CHF 14-CHF 32
1360;CHF 10-CHF 20
1361;CHF 17-CHF 46
1362;CHF 22-CHF 39
1363;CHF 18-CHF 54
1364;CHF 20-CHF 61
1365;CHF 11-CHF 39
1366;CHF 17-CHF 55
1367;CHF 9-CHF 30
1368;CHF 10-CHF 27
1369;CHF 10-CHF 19
1370;CHF 17-CHF 26
1371;CHF 2-CHF 6
1372;CHF 10-CHF 22
1373;CHF 13-CHF 56
1374;CHF 14-CHF 21
1375;CHF 17-CHF 38
1376;CHF 6-CHF 11
1377;CHF 30-CHF 39
1378;CHF 13-CHF 18
1379;CHF 12-CHF 35
1380;CHF 12-CHF 33
1381;CHF 17-CHF 37
1382;CHF 17-CHF 47
1383;CHF 18-CHF 31
1384;CHF 2-CHF 13
1385;CHF 9-CHF 15
1386;CHF 2-CHF 10
1387;CHF 4-CHF 17
1388;CHF 8-CHF 19
1389;CHF 7-CHF 28
1390;CHF 59-CHF 100
1391;CHF 17-CHF 30
1392;CHF 12-CHF 26
1393;CHF 14-CHF 60
1394;CHF 28-CHF 36
1395;CHF 14-CHF 30
1396;CHF 34-CHF 134
1397;CHF 12-CHF 39
1398;CHF 6-CHF 13
1399;CHF 3-CHF 18
1400;CHF 4-CHF 12
1401;CHF 8-CHF 15
1402;CHF 33-CHF 50
1403;CHF 9-CHF 11
1404;CHF 9-CHF 34
1405;CHF 14-CHF 55
1406;CHF 19-CHF 44
1407;CHF 4-CHF 39
1408;CHF 4-CHF 6
1409;CHF 8-CHF 11
1410;CHF 12-CHF 27
1411;CHF 2-CHF 19
1412;CHF 4-CHF 32
1413;CHF 4-CHF 15
1414;CHF 17-CHF 50
1415;CHF 3-CHF 21
1416;CHF 22-CHF 43
1417;CHF 9-CHF 21
1418;CHF 9-CHF 23
1419;CHF 19-CHF 38
1420;CHF 13-CHF 46
1421;CHF 8-CHF 22
1422;CHF 12-CHF 38
1423;CHF 32-CHF 45
1424;CHF 9-CHF 24
1425;CHF 19-CHF 77
1426;CHF 12-CHF 22
1427;CHF 5-CHF 10
1428;CHF 4-CHF 11
1429;CHF 7-CHF 16
1430;CHF 14-CHF 33
1431;CHF 4-CHF 22
1432;CHF 12-CHF 23
1433;CHF 8-CHF 14
1434;CHF 20-CHF 26
1435;CHF 20-CHF 33
1436;CHF 2-CHF 9
1437;CHF 10-CHF 33
1438;CHF 10-CHF 18
1439;CHF 17-CHF 35
1440;CHF 15-CHF 31
1441;CHF 10-CHF 39
1442;CHF 13-CHF 21
1443;CHF 8-CHF 23
1444;CHF 18-CHF 35
1445;CHF 11-CHF 18
1446;CHF 19-CHF 55
1447;CHF 21-CHF 77
1448;CHF 10-CHF 16
1449;CHF 5-CHF 18
1450;CHF 15-CHF 22
1451;CHF 13-CHF 39
1452;CHF 4-CHF 14
1453;CHF 18-CHF 40
1454;CHF 19-CHF 33
1455;CHF 28-CHF 57
1456;CHF 18-CHF 39
1457;€4-€36
1458;€18-€80
1459;€65-€90
1460;€53-€85
1461;€33-€132
1462;€21-€52
1463;€23-€98
1464;€7-€38
1465;€28-€44
1466;€22-€45
1467;€8-€58
1468;€18-€36
1469;€5-€100
1470;€34-€76
1471;€22-€61
1472;€26-€29
1473;€3-€3
1474;€18-€43
1475;€47-€105
1476;€23-€41
1477;€39-€200
1478;€21-€69
1479;€31-€106
1480;€33-€89
1481;€21-€49
1482;€3-€56
1483;€22-€52
1484;€3-€37
1485;€3-€455
1486;€30-€117
1487;€16-€21
1488;€40-€73
1489;€5-€5,000
1490;€47-€70
1491;€28-€100
1492;€12-€53
1493;€19-€34
1494;€26-€40
1495;€9-€56
1496;€11-€51
1497;€25-€116
1498;€6-€7
1499;€12-€44
1500;€3-€40
1501;€16-€49
1502;€7-€58
1503;€5-€6
1504;€7-€36
1505;€30-€85
1506;€40-€158
1507;€30-€37
1508;€16-€71
1509;€23-€29
1510;€2-€45
1511;€34-€44
1512;€22-€36
1513;€31-€64
1514;€26-€72
1515;€12-€65
1516;€32-€46
1517;€25-€61
1518;€2-€99
1519;€60-€139
1520;€3-€240
1521;€32-€77
1522;€34-€75
1523;€26-€39
1524;€36-€80
1525;€50-€90
1526;€15-€51
1527;€49-€177
1528;€5-€131
1529;€27-€64
1530;€37-€66
1531;€25-€42
1532;€30-€76
1533;€59-€165
1534;€28-€70
1535;€10-€150
1536;€24-€69
1537;€15-€16
1538;€39-€56
1539;€35-€69
1540;€75-€245
1541;€2-€34
1542;€29-€89
1543;€80-€150
1544;€30-€67
1545;€2-€22
1546;€9-€42
1547;€20-€20
1548;€40-€74
1549;€22-€59
1550;€34-€73
1551;€40-€98
1552;€3-€90
1553;€62-€114
1554;€22-€37
1555;€18-€100
1556;€29-€60
1557;€23-€85
1558;€29-€56
1559;€29-€82
1560;€23-€23
1561;€20-€62
1562;€21-€82
1563;€35-€41
1564;€10-€59
1565;€32-€56
1566;€32-€67
1567;€41-€77
1568;€7-€2,144
1569;€28-€49
1570;€9-€47
1571;€19-€52
1572;€2-€2
1573;€35-€56
1574;€4-€90
1575;€4-€58
1576;€28-€39
1577;€35-€75
1578;€29-€115
1579;€36-€46
1580;€12-€73
1581;€17-€62
1582;€20-€75
1583;€35-€120
1584;€19-€82
1585;€2-€28
1586;€2-€40
1587;€13-€106
1588;€4-€41
1589;€31-€121
1590;€3-€127
1591;€45-€74
1592;€3-€32
1593;€18-€300
1594;€20-€90
1595;€70-€95
1596;€9-€10
1597;€8-€49
1598;€9-€58
1599;€19-€58
1600;€16-€41
1601;€30-€80
1602;€2-€180
1603;€34-€58
1604;€30-€110
1605;€21-€47
1606;€75-€75
1607;€30-€46
1608;€31-€38
1609;€77-€154
1610;€38-€38
1611;€2-€9,999,999
1612;€21-€88
1613;€10-€68
1614;€25-€44
1615;€26-€33
1616;€26-€52
1617;€33-€35
1618;€41-€165
1619;€2-€23
1620;€24-€60
1621;€95-€120
1622;€55-€75
1623;€17-€43
1624;€39-€129
1625;€32-€64
1626;€49-€49
1627;€15-€57
1628;€31-€50
1629;€19-€51
1630;€26-€37
1631;€22-€22
1632;€25-€124
1633;€890-€1,190
1634;€2-€127
1635;€55-€115
1636;€24-€49
1637;€65-€159
1638;€95-€175
1639;€39-€91
1640;€26-€46
1641;€21-€66
1642;€17-€96
1643;€16-€165
1644;€22-€73
1645;€12-€58
1646;€17-€114
1647;€35-€52
1648;€75-€289
1649;€2-€56
1650;€18-€88
1651;€32-€44
1652;€2-€35
1653;€6-€42
1654;€30-€49
1655;€22-€90
1656;€37-€45
1657;€26-€42
1658;€16-€103
1659;€15-€120
1660;€6-€75
1661;€27-€80
1662;€30-€75
1663;€40-€150
1664;€2-€68
1665;€38-€65
1666;€35-€95
1667;€3-€4
1668;€4-€34
1669;€39-€65
1670;€49-€300
1671;€2-€48
1672;€8-€370
1673;€5-€55
1674;€195-€500
1675;€10-€500
1676;€26-€57
1677;€27-€58
1678;€16-€66
1679;€7-€52
1680;€33-€200
1681;€5-€23
1682;€11-€49
1683;€50-€110
1684;€24-€54
1685;€25-€49
1686;€35-€150
1687;€55-€69
1688;€12-€99
1689;€56-€89
1690;€39-€45
1691;€2-€41
1692;€24-€62
1693;€29-€45
1694;€6-€34
1695;€20-€29
1696;€30-€62
1697;€28-€114
1698;€15-€79
1699;€33-€74
1700;€8-€48
1701;€45-€350
1702;€25-€85
1703;€5-€120
1704;€69-€69
1705;€32-€69
1706;€50-€145
1707;€21-€119
1708;€66-€146
1709;€7-€27
1710;€54-€155
1711;€40-€63
1712;€66-€135
1713;€13-€90
1714;€28-€80
1715;€45-€85
1716;€5-€28
1717;€24-€68
1718;€40-€115
1719;€50-€70
1720;€40-€50
1721;€46-€80
1722;€60-€90
1723;€115-€250
1724;€24-€75
1725;€30-€64
1726;€95-€150
1727;€10-€10
1728;€81-€231
1729;€74-€99
1730;€33-€66
1731;€33-€48
1732;€40-€53
1733;€40-€57
1734;€19-€100
1735;€29-€119
1736;€150-€150
1737;€70-€125
1738;€10-€76
1739;€15-€47
1740;€34-€51
1741;€6-€165
1742;€28-€78
1743;€18-€54
1744;€24-€100
1745;€25-€64
1746;€27-€40
1747;€29-€75
1748;€4-€78
1749;€7-€47
1750;€35-€105
1751;€3-€46
1752;€6-€59
1753;€26-€68
1754;€41-€825
1755;€35-€139
1756;€19-€65
1757;€29-€66
1758;€36-€100
1759;€46-€188
1760;€16-€150
1761;€59-€106
1762;€30-€69
1763;€75-€300
1764;€70-€175
1765;€7-€100
1766;€3-€53
1767;€34-€42
1768;€21-€30
1769;€9-€80
1770;€20-€34
1771;€41-€54
1772;€9-€70
1773;€43-€66
1774;€36-€45
1775;€70-€100
1776;€50-€120
1777;€16-€82
1778;€39-€50
1779;€20-€120
1780;€80-€98
1781;€45-€130
1782;€6-€48
1783;€3-€42
1784;€68-€235
1785;€6-€480
1786;€12-€80
1787;€39-€79
1788;€6-€250
1789;€41-€106
1790;€41-€82
1791;€7-€68
1792;€34-€70
1793;€98-€150
1794;€55-€120
1795;€26-€70
1796;€24-€64
1797;€62-€75
1798;€30-€91
1799;€4-€65
1800;€25-€150
1801;€41-€111
1802;€34-€82
1803;€38-€42
1804;€18-€47
1805;€30-€120
1806;€27-€48
1807;€58-€199
1808;€25-€1,000
1809;€25-€90
1810;€21-€54
1811;€58-€118
1812;€17-€78
1813;€29-€51
1814;€92-€129
1815;€18-€57
1816;€41-€70
1817;€44-€120
1818;€22-€72
1819;€59-€95
1820;€28-€55
1821;€28-€111
1822;€62-€139
1823;€8-€59
1824;€42-€145
1825;€5-€39
1826;€66-€157
1827;€95-€185
1828;€41-€55
1829;€48-€128
1830;€45-€60
1831;€210-€210
1832;€22-€75
1833;€5-€70
1834;€30-€101
1835;€38-€54
1836;€5-€44
1837;€31-€82
1838;€8-€53
1839;€22-€82
1840;€59-€69
1841;€12-€48
1842;€15-€46
1843;€28-€66
1844;€50-€160
1845;€11-€90
1846;€22-€43
1847;€59-€135
1848;€23-€75
1849;€21-€42
1850;€17-€75
1851;€9-€9
1852;€98-€180
1853;€16-€84
1854;€39-€179
1855;€19-€54
1856;€33-€58
1857;€18-€75
1858;€39-€39
1859;€27-€60
1860;€36-€150
1861;€44-€90
1862;€29-€85
1863;€19-€48
1864;€4-€75
1865;€58-€80
1866;€8-€99
1867;€32-€45
1868;€40-€130
1869;€13-€75
1870;€23-€25
1871;€70-€200
1872;€4-€331
1873;€10-€69
1874;€49-€189
1875;€9-€57
1876;€26-€75
1877;€70-€250
1878;€29-€35
1879;€37-€83
1880;€17-€76
1881;€35-€79
1882;€0-€2
1883;€66-€90
1884;€95-€250
1885;€92-€263
1886;€35-€90
1887;€45-€55
1888;€50-€58
1889;€75-€80
1890;€25-€43
1891;€210-€395
1892;€50-€95
1893;€75-€185
1894;€50-€200
1895;€45-€110
1896;€4-€10,000,000
1897;€23-€100
1898;€20-€83
1899;€27-€55
1900;€31-€45
1901;€80-€128
1902;€31-€57
1903;€8-€66
1904;€37-€99
1905;€33-€75
1906;€35-€35
1907;€36-€103
1908;€45-€58
1909;€34-€50
1910;€124-€412
1911;€23-€55
1912;€50-€180
1913;€12-€83
1914;€4-€1,242
1915;€5-€1,242
1916;€33-€150
1917;€29-€100
1918;€36-€90
1919;€70-€130
1920;€80-€237
1921;€27-€54
1922;€28-€50
1923;€45-€180
1924;€95-€180
1925;€52-€58
1926;€26-€179
1927;€17-€66
1928;€44-€80
1929;€41-€80
1930;€32-€200
1931;€28-€65
1932;€31-€40
1933;€82-€165
1934;€22-€54
1935;€36-€78
1936;€35-€59
1937;€65-€130
1938;€60-€80
1939;€90-€285
1940;€27-€78
1941;€32-€109
1942;€165-€325
1943;€48-€120
1944;€89-€182
1945;€48-€98
1946;€52-€110
1947;€45-€115
1948;€43-€48
1949;€41-€98
1950;€69-€139
1951;€40-€110
1952;€28-€52
1953;€214-€275
1954;€27-€66
1955;€31-€55
1956;€30-€121
1957;€90-€195
1958;€90-€120
1959;€30-€48
1960;€13-€94
1961;€41-€95
1962;€31-€60
1963;€46-€124
1964;€17-€19
1965;€62-€128
1966;€31-€49
1967;€31-€43
1968;€31-€74
1969;€22-€48
1970;€31-€61
1971;€6-€123
1972;€31-€185
1973;€34-€57
1974;€6-€37
1975;€85-€350
1976;€60-€150
1977;€57-€69
1978;€14-€79
1979;€26-€136
1980;€27-€107
1981;€5-€27
1982;€30-€128
1983;€21-€40
1984;€24-€36
1985;€6-€47
1986;€54-€282
1987;€250-€300
1988;€28-€54
1989;€6-€80
1990;€33-€122
1991;€34-€48
1992;€29-€78
1993;€25-€34
1994;€12-€66
1995;€207-€24,148
1996;€33-€83
1997;€11-€70
1998;€28-€63
1999;€10-€73
2000;€36-€61
2001;€39-€250
2002;€23-€37
2003;€18-€123
2004;€55-€195
2005;€29-€44
2006;€30-€145
2007;€30-€72
2008;€58-€160
2009;€25-€123
2010;€15-€95
2011;€2-€300
2012;€100-€150
2013;€25-€52
2014;€31-€126
2015;€110-€195
2016;€2-€19
2017;€148-€199
2018;€29-€62
2019;€24-€42
2020;€2-€200
2021;€34-€38
2022;€16-€80
2023;€50-€112
2024;€9-€99
2025;€60-€160
2026;€97-€122
2027;€54-€129
2028;€17-€176
2029;€37-€147
2030;€55-€60
2031;€2-€37
2032;€11-€133
2033;€38-€57
2034;€20-€110
2035;€27-€33
2036;€31-€37
2037;€28-€45
2038;€24-€33
2039;€24-€28
2040;€25-€46
2041;€160-€205
2042;€40-€135
2043;€19-€21
2044;€35-€63
2045;€9-€46
2046;€63-€157
2047;€6-€31
2048;€20-€89
2049;€28-€117
2050;€24-€95
2051;€13-€80
2052;€19-€79
2053;€16-€58
2054;€15-€195
2055;€9-€75
2056;€25-€95
2057;€27-€69
2058;€28-€56
2059;€6-€33
2060;€33-€65
2061;€14-€62
2062;€45-€600
2063;€6-€84
2064;€19-€46
2065;€0-€3
2066;€17-€44
2067;€13-€104
2068;€29-€40
2069;€30-€146
2070;€40-€99
2071;€11-€65
2072;€9-€51
2073;€8-€70
2074;€19-€77
2075;€9-€48
2076;€19-€19
2077;€2-€64
2078;€25-€36
2079;€2-€42
2080;€17-€65
2081;€19-€43
2082;€5-€36
2083;€12-€52
2084;€15-€90
2085;€31-€124
2086;€60-€205
2087;€39-€135
2088;€30-€59
2089;€37-€73
2090;€25-€53
2091;€31-€72
2092;€35-€51
2093;€21-€59
2094;€33-€50
2095;€7-€110
2096;€3-€999
2097;€32-€97
2098;€15-€54
2099;€25-€79
2100;€27-€49
2101;€28-€113
2102;€21-€125
2103;€12-€74
2104;€38-€59
2105;€16-€75
2106;€52-€98
2107;€14-€47
2108;€50-€60
2109;€12-€67
2110;€30-€98
2111;€23-€70
2112;€37-€89
2113;€26-€100
2114;€32-€58
2115;€35-€110
2116;€34-€65
2117;€47-€100
2118;€80-€140
2119;€90-€130
2120;€45-€118
2121;€18-€74
2122;€18-€51
2123;€6-€46
2124;€21-€250
2125;€27-€75
2126;€39-€165
2127;€70-€135
2128;€22-€53
2129;€15-€99
2130;€35-€78
2131;€10-€52
2132;€1-€128
2133;€13-€66
2134;€11-€52
2135;€9-€83
2136;€47-€50
2137;€40-€95
2138;€46-€56
2139;€39-€43
2140;€12-€57
2141;€36-€65
2142;€50-€59
2143;€20-€66
2144;€53-€95
2145;€13-€70
2146;€28-€99
2147;€11-€44
2148;€14-€54
2149;€27-€57
2150;€75-€105
2151;€42-€73
2152;€13-€64
2153;€75-€170
2154;€29-€36
2155;€37-€130
2156;€55-€155
2157;€38-€46
2158;€27-€51
2159;€33-€77
2160;€25-€62
2161;€43-€145
2162;€19-€22
2163;€33-€125
2164;€39-€156
2165;€14-€76
2166;€10-€47
2167;€40-€55
2168;€47-€85
2169;€28-€85
2170;€32-€105
2171;€21-€45
2172;€39-€69
2173;€85-€125
2174;€60-€135
2175;€16-€85
2176;€23-€26
2177;€29-€87
2178;€21-€65
2179;€2-€44
2180;€4-€650
2181;€17-€47
2182;€31-€73
2183;€39-€78
2184;€4-€70
2185;€10-€1,480
2186;€29-€34
2187;€5-€500
2188;€12-€47
2189;€29-€90
2190;€63-€94
2191;€42-€85
2192;€35-€148
2193;€72-€145
2194;€36-€55
2195;€11-€58
2196;€90-€140
2197;€14-€75
2198;€48-€130
2199;€18-€59
2200;€22-€58
2201;€10-€80
2202;€21-€95
2203;€52-€52
2204;€25-€67
2205;€36-€85
2206;€42-€42
2207;€39-€80
2208;€55-€150
2209;€16-€17
2210;€27-€41
2211;€75-€150
2212;€28-€120
2213;€8-€42
2214;€46-€49
2215;€22-€95
2216;€17-€56
2217;€42-€125
2218;€35-€200
2219;€22-€100
2220;€29-€69
2221;€40-€45
2222;€36-€50
2223;€31-€70
2224;€29-€116
2225;€54-€108
2226;€90-€175
2227;€25-€119
2228;€24-€71
2229;€66-€205
2230;€3-€85
2231;€52-€79
2232;€9-€400
2233;€7-€99
2234;€95-€130
2235;€26-€138
2236;€35-€126
2237;€41-€60
2238;€3-€49
2239;€80-€210
2240;€12-€85
2241;€49-€150
2242;€29-€118
2243;€39-€130
2244;€20-€77
2245;€85-€90
2246;€22-€63
2247;€37-€65
2248;€10-€78
2249;€19-€200
2250;€20-€53
2251;€58-€104
2252;€2-€33
2253;€14-€58
2254;€43-€93
2255;€27-€106
2256;€34-€114
2257;€29-€32
2258;€8-€46
2259;€10-€95
2260;€5-€80
2261;€7-€450
2262;€15-€115
2263;€65-€85
2264;€18-€90
2265;€30-€66
2266;€23-€27
2267;€11-€155
2268;€10-€63
2269;€27-€43
2270;€21-€245
2271;€24-€283
2272;€55-€105
2273;€17-€80
2274;€9-€52
2275;€19-€140
2276;€49-€200
2277;€20-€51
2278;€32-€100
2279;€26-€80
2280;€33-€42
2281;€90-€150
2282;€31-€142
2283;€13-€69
2284;€42-€166
2285;€150-€325
2286;€11-€54
2287;€58-€141
2288;€57-€180
2289;€100-€300
2290;€33-€67
2291;€21-€170
2292;€21-€61
2293;€50-€115
2294;€25-€83
2295;€20-€72
2296;€2-€79
2297;€32-€131
2298;€39-€75
2299;€25-€54
2300;€65-€120
2301;€32-€34
2302;€18-€150
2303;€10-€83
2304;€39-€53
2305;€23-€90
2306;€45-€120
2307;€55-€65
2308;€43-€123
2309;€8-€75
2310;€20-€63
2311;€12-€129
2312;€79-€119
2313;€55-€55
2314;€24-€85
2315;€4-€55
2316;€42-€60
2317;€26-€48
2318;€29-€46
2319;€6-€98
2320;€16-€57
2321;€36-€56
2322;€2-€26
2323;€35-€130
2324;€35-€87
2325;€130-€390
2326;€22-€57
2327;€29-€61
2328;€26-€47
2329;€24-€34
2330;€58-€98
2331;€21-€37
2332;€3-€52
2333;€31-€31
2334;€17-€59
2335;€68-€78
2336;€30-€56
2337;€12-€69
2338;€7-€51
2339;€40-€52
2340;€59-€129
2341;€3-€45
2342;€37-€110
2343;€31-€62
2344;€41-€64
2345;€900-€1,000
2346;€12-€51
2347;€85-€160
2348;€32-€57
2349;€12-€89
2350;€26-€58
2351;€10-€79
2352;€15-€75
2353;€50-€220
2354;€35-€290
2355;€20-€150
2356;€55-€90
2357;€8-€120
2358;€21-€121
2359;€45-€235
2360;€21-€97
2361;€127-€450
2362;€30-€150
2363;€26-€31
2364;€18-€250
2365;€2-€38
2366;€15-€135
2367;€500-€1,000
2368;€12-€72
2369;€21-€53
2370;€26-€2,000
2371;€32-€79
2372;€13-€126
2373;€32-€38
2374;€31-€39
2375;€65-€125
2376;€28-€89
2377;€7-€80
2378;€28-€62
2379;€76-€120
2380;€72-€75
2381;€31-€63
2382;€11-€47
2383;€41-€50
2384;€28-€28
2385;€3-€33
2386;€3-€800
2387;€30-€86
2388;€12-€125
2389;€25-€86
2390;€27-€45
2391;€15-€72
2392;€18-€89
2393;€27-€65
2394;€40-€250
2395;€32-€47
2396;€59-€82
2397;€7-€53
2398;€60-€180
2399;€8-€34
2400;€95-€160
2401;€32-€130
2402;€23-€96
2403;€28-€47
2404;€30-€61
2405;€24-€37
2406;€29-€165
2407;€39-€88
2408;€13-€72
2409;€12-€61
2410;€20-€59
2411;€50-€500
2412;€65-€150
2413;€80-€130
2414;€40-€90
2415;€20-€74
2416;€120-€150
2417;€19-€47
2418;€100-€1,000
2419;€29-€133
2420;€43-€100
2421;€155-€250
2422;€105-€200
2423;€95-€210
2424;€39-€67
2425;€27-€111
2426;€200-€240
2427;€43-€53
2428;€48-€125
2429;€49-€290
2430;€62-€185
2431;€60-€115
2432;€95-€170
2433;€53-€77
2434;€24-€72
2435;€9-€59
2436;€69-€222
2437;€45-€89
2438;€29-€29
2439;€55-€190
2440;€29-€58
2441;€37-€125
2442;€45-€145
2443;€15-€67
2444;€36-€110
2445;CHF 5-CHF 15
2446;CHF 15-CHF 33
2447;CHF 13-CHF 32
2448;CHF 12-CHF 40
2449;CHF 21-CHF 87
2450;CHF 16-CHF 22
2451;CHF 5-CHF 16
2452;CHF 18-CHF 38
2453;CHF 37-CHF 37
2454;CHF 22-CHF 49
2455;CHF 16-CHF 34
2456;CHF 14-CHF 23
2457;CHF 10-CHF 12
2458;CHF 16-CHF 82
2459;CHF 12-CHF 14
2460;CHF 2-CHF 16
2461;CHF 15-CHF 29
2462;CHF 13-CHF 38
2463;CHF 3-CHF 9
2464;CHF 12-CHF 24
2465;CHF 15-CHF 40
2466;CHF 16-CHF 33
2467;CHF 16-CHF 105
2468;CHF 15-CHF 25
2469;CHF 15-CHF 32
2470;CHF 23-CHF 38
2471;CHF 13-CHF 35
2472;CHF 25-CHF 42
2473;CHF 5-CHF 19
2474;CHF 22-CHF 55
2475;CHF 12-CHF 28
2476;CHF 5-CHF 22
2477;CHF 7-CHF 31
2478;CHF 5-CHF 12
2479;CHF 18-CHF 27
2480;CHF 13-CHF 19
2481;CHF 11-CHF 31
2482;CHF 16-CHF 27
2483;CHF 13-CHF 16
2484;CHF 19-CHF 32
2485;CHF 9-CHF 14
2486;CHF 15-CHF 38
2487;CHF 9-CHF 16
2488;CHF 5-CHF 14
2489;CHF 71-CHF 181
2490;CHF 17-CHF 58
2491;CHF 11-CHF 16
2492;CHF 7-CHF 27
2493;CHF 27-CHF 59
2494;CHF 3-CHF 6
2495;CHF 22-CHF 64
2496;CHF 3-CHF 4
2497;CHF 25-CHF 43
2498;CHF 11-CHF 34
2499;CHF 10-CHF 38
2500;CHF 7-CHF 20
2501;CHF 16-CHF 38
2502;CHF 25-CHF 104
2503;CHF 3-CHF 12
2504;CHF 12-CHF 31
2505;CHF 9-CHF 32
2506;CHF 9-CHF 44
2507;CHF 4-CHF 16
2508;CHF 6-CHF 9
2509;CHF 8-CHF 33
2510;CHF 13-CHF 49
2511;CHF 55-CHF 66
2512;CHF 12-CHF 29
2513;CHF 16-CHF 40
2514;CHF 3-CHF 33
2515;CHF 16-CHF 60
2516;CHF 12-CHF 21
2517;CHF 1,360-CHF 2,054
2518;CHF 8-CHF 16
2519;CHF 11-CHF 23
2520;CHF 8-CHF 49
2521;CHF 20-CHF 49
2522;CHF 14-CHF 35
2523;CHF 5-CHF 38
2524;CHF 16-CHF 37
2525;CHF 5-CHF 33
2526;CHF 16-CHF 44
2527;CHF 15-CHF 39
2528;CHF 21-CHF 34
2529;CHF 5-CHF 26
2530;CHF 13-CHF 26
2531;CHF 20-CHF 66
2532;CHF 33-CHF 37
2533;CHF 13-CHF 31
2534;CHF 19-CHF 42
2535;CHF 10-CHF 42
2536;CHF 11-CHF 26
2537;CHF 15-CHF 44
2538;CHF 9-CHF 12
2539;CHF 14-CHF 40
2540;CHF 21-CHF 50
2541;CHF 8-CHF 18
2542;CHF 13-CHF 23
2543;CHF 15-CHF 104
2544;CHF 16-CHF 16
2545;CHF 7-CHF 26
2546;CHF 12-CHF 32
2547;CHF 5-CHF 13
2548;CHF 16-CHF 71
2549;CHF 8-CHF 31
2550;CHF 4-CHF 27
2551;CHF 3-CHF 16
2552;CHF 16-CHF 50
2553;CHF 5-CHF 11
2554;CHF 10-CHF 43
2555;CHF 4-CHF 8
2556;CHF 2-CHF 30
2557;CHF 31-CHF 82
2558;CHF 38-CHF 66
2559;CHF 14-CHF 20
2560;CHF 1-CHF 3
2561;CHF 23-CHF 55
2562;CHF 11-CHF 37
2563;CHF 4-CHF 24
2564;CHF 11-CHF 36
2565;CHF 14-CHF 42
2566;CHF 11-CHF 25
2567;CHF 18-CHF 33
2568;CHF 11-CHF 35
2569;CHF 8-CHF 12
2570;CHF 15-CHF 27
2571;CHF 2-CHF 110
2572;CHF 21-CHF 67
2573;CHF 34-CHF 64
2574;CHF 9-CHF 26
2575;CHF 16-CHF 55
2576;CHF 8-CHF 13
2577;CHF 7-CHF 41
2578;CHF 11-CHF 38
2579;CHF 32-CHF 132
2580;CHF 16-CHF 43
2581;CHF 15-CHF 19
2582;CHF 18-CHF 55
2583;CHF 18-CHF 30
2584;CHF 65-CHF 87
2585;CHF 27-CHF 66
2586;CHF 22-CHF 38
2587;CHF 20-CHF 69
2588;CHF 16-CHF 47
2589;CHF 21-CHF 40
2590;CHF 15-CHF 55
2591;CHF 21-CHF 49
2592;CHF 18-CHF 37
2593;CHF 12-CHF 16
2594;CHF 2-CHF 7
2595;CHF 5-CHF 32
2596;CHF 7-CHF 19
2597;CHF 18-CHF 66
2598;CHF 24-CHF 44
2599;€20-€85
2600;€4-€33
2601;€17-€61
2602;€65-€245
2603;€5-€52
2604;€50-€50
2605;€6-€52
2606;€16-€95
2607;€23-€59
2608;€36-€75
2609;€36-€43
2610;€35-€250
2611;€44-€65
2612;€38-€60
2613;€49-€85
2614;€95-€260
2615;€35-€100
2616;€49-€90
2617;€49-€70
2618;€14-€70
2619;€51-€65
2620;€35-€109
2621;€28-€79
2622;€27-€77
2623;€42-€79
2624;€22-€68
2625;€35-€93
2626;€70-€220
2627;€24-€57
2628;€30-€84
2629;€550-€1,500
2630;€33-€54
2631;€43-€76
2632;€145-€195
2633;€32-€49
2634;€25-€125
2635;€7-€120
2636;€14-€68
2637;€29-€125
2638;€8-€79
2639;€18-€66
2640;€33-€135
2641;€125-€200
2642;€22-€66
2643;€58-€77
2644;€29-€105
2645;€55-€108
2646;€38-€105
2647;€27-€87
2648;€6-€62
2649;€4-€57
2650;€2-€70
2651;€30-€43
2652;€0-€5
2653;€9-€189
2654;€21-€90
2655;€4-€61
2656;€140-€175
2657;€4-€83
2658;€25-€88
2659;€36-€79
2660;€14-€63
2661;€19-€76
2662;€21-€71
2663;€5-€43
2664;€63-€63
2665;€58-€108
2666;€32-€89
2667;€29-€95
2668;€27-€105
2669;€4-€31
2670;€28-€105
2671;€25-€110
2672;€95-€191
2673;€30-€118
2674;€23-€63
2675;€49-€244
2676;€5-€34
2677;€33-€47
2678;€8-€80
2679;€33-€166
2680;€19-€139
2681;€35-€58
2682;€15-€78
2683;€17-€166
2684;€30-€47
2685;€27-€50
2686;€21-€24
2687;€15-€108
2688;€26-€54
2689;€8-€90
2690;€32-€127
2691;€53-€80
2692;€40-€40
2693;€36-€58
2694;€24-€47
2695;€9-€120
2696;€17-€67
2697;€35-€43
2698;€32-€33
2699;€32-€74
2700;€35-€155
2701;€2-€191
2702;€37-€58
2703;€33-€39
2704;€8-€149
2705;€3-€500
2706;€6-€58
2707;€19-€71
2708;€22-€85
2709;€24-€61
2710;€58-€81
2711;€27-€38
2712;€35-€92
2713;€19-€95
2714;€28-€75
2715;€52-€131
2716;€2-€62
2717;€32-€72
2718;€11-€66
2719;€20-€189
2720;€11-€95
2721;€14-€78
2722;€70-€150
2723;€28-€46
2724;€38-€58
2725;€50-€105
2726;€14-€86
2727;€28-€59
2728;€2-€32
2729;€16-€44
2730;€10-€159
2731;€5-€48
2732;€17-€125
2733;€10-€99
2734;€5-€37
2735;€18-€21
2736;€34-€80
2737;€25-€200
2738;€39-€98
2739;€24-€66
2740;€41-€57
2741;€22-€92
2742;€19-€69
2743;€24-€53
2744;€26-€130
2745;€46-€69
2746;€10-€82
2747;€77-€94
2748;€115-€220
2749;€30-€124
2750;€21-€85
2751;€20-€69
2752;€6-€72
2753;€30-€200
2754;€16-€86
2755;€52-€10,434
2756;€40-€85
2757;€22-€46
2758;€14-€56
2759;€10-€1,000
2760;€54-€91
2761;€24-€144
2762;€24-€70
2763;€61-€121
2764;€40-€49
2765;€3-€160
2766;€33-€100
2767;€9-€90
2768;€31-€91
2769;€9-€998
2770;€65-€105
2771;€30-€78
2772;€17-€18
2773;€27-€63
2774;€12-€86
2775;€32-€125
2776;€12-€150
2777;€86-€135
2778;€25-€99
2779;€28-€90
2780;€38-€52
2781;€13-€99
2782;€17-€64
2783;€58-€90
2784;€79-€120
2785;€65-€95
2786;€15-€63
2787;€19-€20
2788;€17-€51
2789;€49-€89
2790;€24-€98
2791;€8-€57
2792;€71-€205
2793;€42-€105
2794;€34-€34
2795;€23-€99
2796;€30-€54
2797;€22-€84
2798;€49-€100
2799;€29-€42
2800;€27-€39
2801;€28-€67
2802;€40-€67
2803;€2-€89
2804;€9-€43
2805;€52-€90
2806;€13-€62
2807;€37-€87
2808;€20-€58
2809;€20-€124
2810;€39-€41
2811;€29-€110
2812;€45-€68
2813;€13-€120
2814;€13-€52
2815;€26-€62
2816;€24-€115
2817;€34-€36
2818;€7-€56
2819;€27-€52
2820;€32-€116
2821;€50-€99
2822;€31-€65
2823;€42-€61
2824;€9-€79
2825;€4-€48
2826;€49-€122
2827;€37-€49
2828;€22-€89
2829;€200-€350
2830;€8-€1,350
2831;€25-€26
2832;€37-€43
2833;€1,700-€2,500
2834;€35-€85
2835;€8-€55
2836;€29-€83
2837;€42-€55
2838;€3-€27
2839;€47-€57
2840;€19-€57
2841;€20-€78
2842;€32-€32
2843;€60-€65
2844;€33-€57
2845;€34-€52
2846;€10-€160
2847;€53-€74
2848;€32-€80
2849;€32-€132
2850;€35-€84
2851;€45-€139
2852;€79-€109
2853;€41-€69
2854;€78-€78
2855;€39-€64
2856;€100-€410
2857;€31-€600
2858;€3-€38
2859;€41-€41
2860;€6-€39
2861;€22-€80
2862;€25-€73
2863;€49-€215
2864;€49-€98
2865;€58-€120
2866;€3-€60
2867;€24-€77
2868;€23-€120
2869;€48-€209
2870;€34-€84
2871;€32-€98
2872;€12-€70
2873;€21-€77
2874;€10-€65
2875;€29-€54
2876;€38-€55
2877;€36-€54
2878;€70-€90
2879;€36-€98
2880;€115-€135
2881;€2-€36
2882;€26-€78
2883;€20-€82
2884;€36-€104
2885;€28-€115
2886;€16-€53
2887;€33-€85
2888;€13-€67
2889;€25-€72
2890;€55-€70
2891;€49-€159
2892;€33-€53
2893;€45-€87
2894;€22-€67
2895;€29-€43
2896;€20-€105
2897;€38-€97
2898;€11-€57
2899;€38-€50
2900;€13-€44
2901;€9-€54
2902;€75-€280
2903;€15-€500
2904;€66-€131
2905;€45-€93
2906;€35-€62
2907;€68-€95
2908;€52-€69
2909;€32-€42
2910;€37-€52
2911;€48-€165
2912;€18-€122
2913;€28-€34
2914;€19-€99
2915;€57-€132
2916;€27-€166
2917;€34-€59
2918;€16-€47
2919;€6-€44
2920;€3-€80
2921;€31-€41
2922;€26-€197
2923;€38-€116
2924;€20-€300
2925;€58-€190
2926;€12-€133
2927;€95-€305
2928;€38-€40
2929;€10-€57
2930;€57-€100
2931;€7-€46
2932;€19-€90
2933;€41-€92
2934;€47-€132
2935;€80,000-€500,000
2936;€48-€230
2937;€32-€95
2938;€36-€120
2939;€1,666-€2,082
2940;€11-€1,980
2941;€65-€80
2942;€18-€139
2943;€59-€105
2944;€60-€100
2945;€30-€34
2946;€7-€71
2947;€24-€78
2948;€20-€61
2949;€10-€233
2950;€25-€76
2951;€34-€100
2952;€34-€40
2953;€20-€79
2954;€4-€44
2955;€21-€105
2956;€48-€55
2957;€27-€42
2958;€6-€88
2959;€48-€78
2960;€21-€68
2961;€33-€49
2962;€19-€78
2963;€32-€107
2964;€5-€57
2965;€18-€83
2966;€30-€74
2967;€58-€62
2968;€36-€125
2969;€44-€75
2970;€14-€98
2971;€10-€56
2972;€13-€53
2973;€25-€87
2974;€1,666-€41,644
2975;€43-€85
2976;€50-€98
2977;€18-€63
2978;€7-€59
2979;€57-€139
2980;€20-€71
2981;€11-€82
2982;€11-€63
2983;€3-€101
2984;€39-€48
2985;€27-€83
2986;€11-€62
2987;€29-€150
2988;€14-€130
2989;€19-€23
2990;€27-€82
2991;€6-€49
2992;€39-€115
2993;€17-€72
2994;€516-€37,313
2995;€34-€69
2996;€22-€56
2997;€45-€195
2998;€26-€76
2999;€2-€150
3000;€10-€51
3001;€65-€65
3002;€2-€39
3003;€27-€72
3004;€38-€72
3005;€29-€190
3006;€18-€18
3007;€47-€179
3008;€52-€66
3009;€30-€140
3010;€64-€114
3011;€75-€145
3012;€60-€72
3013;€6-€76
3014;€42-€68
3015;€53-€76
3016;€49-€80
3017;€12-€63
3018;€18-€67
3019;€55-€174
3020;€26-€59
3021;€54-€124
3022;€38-€99
3023;€49-€95
3024;€61-€184
3025;€37-€96
3026;€19-€85
3027;€39-€149
3028;€30-€63
3029;€16-€72
3030;€26-€56
3031;€14-€61
3032;€15-€200
3033;€25-€66
3034;€32-€96
3035;€21-€79
3036;€80-€190
3037;€19-€83
3038;€29-€88
3039;€43-€87
3040;€47-€200
3041;€35-€98
3042;€21-€104
3043;€24-€67
3044;€7-€83
3045;€33-€221
3046;€41-€56
3047;€32-€39
3048;€23-€97
3049;€27-€46
3050;€40-€96
3051;€38-€98
3052;€37-€64
3053;€28-€84
3054;€56-€111
3055;€6-€64
3056;€41-€120
3057;€23-€44
3058;€19-€56
3059;€5-€46
3060;€4-€38
3061;€5-€350
3062;€10-€200
3063;€5-€75
3064;€51-€84
3065;€28-€76
3066;€47-€118
3067;€48-€60
3068;€5-€140
3069;€21-€80
3070;€2-€1,000
3071;€35-€125
3072;€30-€36
3073;€4-€125
3074;€11-€99
3075;€27-€79
3076;€78-€98
3077;€789-€1,121
3078;€30-€125
3079;€37-€61
3080;€250-€750
3081;€38-€85
3082;€12-€77
3083;€12-€64
3084;€42-€83
3085;€23-€51
3086;€8-€68
3087;€32-€35
3088;€65-€67
3089;€632-€2,299
3090;€63-€86
3091;€517-€992
3092;€17-€57
3093;€17-€63
3094;€2-€2,299
3095;€14-€57
3096;€2-€115
3097;€2-€57
3098;€54-€54
3099;€39-€58
3100;€2-€52
3101;€5-€1,151
3102;€58-€690
3103;€35-€81
3104;€41-€162
3105;€23-€58
3106;€102-€102
3107;€34-€136
3108;€29-€52
3109;€5-€41
3110;€3-€58
3111;€29-€92
3112;€12-€115
3113;€24-€24
3114;€60-€60
3115;€31-€86
3116;€207-€1,656
3117;€310-€621
3118;€58-€115
3119;€12-€11,506
3120;€6-€115
3121;€68-€91
3122;€63-€138
3123;€6-€43
3124;€17-€92
3125;€7-€74
3126;€36-€95
3127;€37-€47
3128;€6-€109
3129;€63-€91
3130;€4-€952
3131;€248-€1,076
3132;€7-€115
3133;€92-€2,180
3134;€34-€60
3135;€23-€104
3136;€1,682-€142,304
3137;€40-€86
3138;€18-€53
3139;€41-€164
3140;€23-€92
3141;€12-€1,151
3142;€46-€52
3143;€6-€54
3144;€115-€575
3145;€915-€1,145
3146;€115-€2,180
3147;€21-€81
3148;€2-€621
3149;€4-€149
3150;€190-€538
3151;€8-€43
3152;€46-€230
3153;€6-€575
3154;€46-€86
3155;€22-€81
3156;€12-€138
3157;€23-€138
3158;€3-€62
3159;€391-€426
3160;€41-€83
3161;€290-€621
3162;€3-€69
3163;€31-€36
3164;€207-€276
3165;€2-€104
3166;€46-€173
3167;€2-€81
3168;€14-€115
3169;€9-€115
3170;€26-€44
3171;€12-€81
3172;€6-€81
3173;€52-€172
3174;€989-€1,490
3175;€51-€51
3176;€2-€58
3177;€13-€115
3178;€4-€54
3179;€6-€66
3180;€21-€23
3181;€4-€46
3182;€3-€39
3183;€9-€62
3184;€6-€345
3185;€11-€59
3186;€3-€63
3187;€5-€1,155
3188;€2-€46
3189;€911-€2,070
3190;€6-€1,151
3191;€33-€133
3192;€6-€2,014
3193;€17-€115
3194;€3-€230
3195;€28-€82
3196;€8-€172
3197;€6-€57
3198;€40-€79
3199;€13-€58
3200;€2-€910
3201;€61-€61
3202;€69-€104
3203;€46-€75
3204;€86-€86
3205;€31-€156
3206;€5-€69
3207;€45-€114
3208;€35-€72
3209;€33-€41
3210;€3-€34
3211;€23-€74
3212;€2-€345
3213;€11-€92
3214;€5-€56
3215;€14-€92
3216;€11-€64
3217;€44-€44
3218;€6-€68
3219;€113-€113
3220;€46-€115
3221;€37-€37
3222;€11-€109
3223;€29-€172
3224;€23-€115
3225;€132-€264
3226;€6-€41
3227;€6-€86
3228;€30-€57
3229;€69-€92
3230;€7-€69
3231;€3-€109
3232;€57-€57
3233;€3-€67
3234;€2-€43
3235;€45-€52
3236;€55-€67
3237;€7-€66
3238;€114-€114
3239;€3-€57
3240;€69-€144
3241;€24-€74
3242;€34-€46
3243;€18-€101
3244;€5-€68
3245;€92-€144
3246;€9-€1,150
3247;€41-€46
3248;€34-€43
3249;€17-€82
3250;€5-€53
3251;€244-€658
3252;€43-€43
3253;€6-€1,150
3254;€92-€93
3255;€2-€11,497
3256;€23-€172
3257;€93-€93
3258;€11-€115
3259;€34-€115
3260;€345-€799
3261;€7-€54
3262;€40-€46
3263;€86-€144
3264;€17-€172
3265;€7-€57
3266;€8-€92
3267;€57-€80
3268;€34-€90
3269;€2-€63
3270;€115-€11,499
3271;€35-€53
3272;€2-€2,644
3273;€57-€5,749
3274;€3-€48
3275;€7-€63
3276;€1,034-€1,264
3277;€17-€103
3278;€8-€86
3279;€17-€230
3280;€40-€56
3281;€86-€195
3282;€40-€69
3283;€33-€82
3284;€2-€69
3285;€36-€44
3286;€34-€86
3287;€8-€109
3288;€34-€92
3289;€11-€290
3290;€40-€92
3291;€37-€98
3292;€71-€71
3293;€83-€114
3294;€6-€805
3295;€40-€68
3296;€414-€1,092
3297;€2-€51
3298;€27-€108
3299;€3-€115
3300;€299-€684
3301;€1-€6
3302;€33-€91
3303;€7-€1,834
3304;€21-€56
3305;€52-€86
3306;€17-€379
3307;€73-€73
3308;€29-€57
3309;€4-€66
3310;€22-€24
3311;€13-€575
3312;€7-€103
3313;€2-€823
3314;€23-€109
3315;€17-€345
3316;€8-€891
3317;€8-€51
3318;€405-€869
3319;€75-€103
3320;€52-€109
3321;€33-€87
3322;€98-€98
3323;€58-€112
3324;€42-€76
3325;€23-€80
3326;€11-€1,150
3327;€11-€207
3328;€3-€72
3329;€23-€86
3330;€11-€11,499
3331;€52-€63
3332;€47-€47
3333;€59-€59
3334;€66-€66
3335;€5-€2,242
3336;€38-€63
3337;€11-€113
3338;€661-€862
3339;CHF 6-CHF 51
3340;CHF 4-CHF 10
3341;CHF 5-CHF 9
3342;CHF 3-CHF 8
3343;CHF 83-CHF 95
3344;CHF 5-CHF 8
3345;CHF 3-CHF 10
3346;CHF 15-CHF 23
3347;CHF 13-CHF 51
3348;CHF 9-CHF 19
3349;CHF 5-CHF 62
3350;CHF 51-CHF 63
3351;CHF 13-CHF 25
3352;CHF 25-CHF 51
3353;CHF 10-CHF 41
3354;CHF 6-CHF 42
3355;CHF 4-CHF 5
3356;CHF 9-CHF 25
3357;CHF 6-CHF 25
3358;CHF 5-CHF 23
3359;CHF 14-CHF 26
3360;CHF 4-CHF 26
3361;CHF 19-CHF 25
3362;CHF 8-CHF 25
3363;CHF 10-CHF 63
3364;CHF 3-CHF 20
3365;CHF 19-CHF 63
3366;CHF 10-CHF 51
3367;CHF 32-CHF 32
3368;CHF 8-CHF 76
3369;CHF 11-CHF 32
3370;CHF 13-CHF 635
3371;CHF 6-CHF 1,270
3372;CHF 13-CHF 30
3373;CHF 13-CHF 63
3374;CHF 8-CHF 108
3375;CHF 7-CHF 23
3376;CHF 2-CHF 32
3377;CHF 361-CHF 818
3378;CHF 10-CHF 44
3379;CHF 6-CHF 66
3380;CHF 6-CHF 29
3381;CHF 25-CHF 57
3382;CHF 4-CHF 38
3383;CHF 10-CHF 89
3384;CHF 5-CHF 30
3385;CHF 4-CHF 19
3386;CHF 41-CHF 51
3387;CHF 8-CHF 32
3388;CHF 19-CHF 75
3389;CHF 32-CHF 89
3390;CHF 17-CHF 29
3391;CHF 13-CHF 34
3392;CHF 5-CHF 25
3393;CHF 5-CHF 63
3394;CHF 5-CHF 44
3395;CHF 6-CHF 10
3396;CHF 3-CHF 25
3397;CHF 19-CHF 70
3398;CHF 19-CHF 28
3399;CHF 11-CHF 70
3400;CHF 3-CHF 37
3401;CHF 4-CHF 37
3402;CHF 15-CHF 34
3403;CHF 10-CHF 74
3404;CHF 23-CHF 114
3405;CHF 6-CHF 32
3406;CHF 15-CHF 76
3407;CHF 3-CHF 19
3408;CHF 15-CHF 51
3409;CHF 13-CHF 76
3410;CHF 6-CHF 38
3411;CHF 3-CHF 38
3412;CHF 13-CHF 127
3413;CHF 6-CHF 63
3414;CHF 5-CHF 34
3415;CHF 3-CHF 14
3416;CHF 13-CHF 15
3417;CHF 3-CHF 15
3418;CHF 3-CHF 22
3419;€27-€27
3420;€57-€60
3421;€6-€103
3422;€9-€64
3423;€2-€2,874
3424;€41-€81
3425;€34-€172
3426;€5-€87
3427;€57-€138
3428;€23-€83
3429;€24-€73
3430;€50-€54
3431;€74-€81
3432;€23-€53
3433;€11-€575
3434;€15-€575
3435;€33-€37
3436;€40-€42
3437;€48-€54
3438;€46-€50
3439;€98-€102
3440;€44-€49
3441;€57-€172
3442;€38-€49
3443;€31-€53
3444;€44-€55
3445;€40-€41
3446;€69-€80
3447;€56-€115
3448;€57-€190
3449;€34-€98
3450;€2-€61
3451;€26-€254
3452;€75-€98
3453;€46-€92
3454;€2-€82
3455;€33-€93
3456;€67-€101
3457;€7-€92
3458;€36-€144
3459;€28-€92
3460;€52-€115
3461;€5-€5
3462;€8-€112
3463;€75-€288
3464;€17-€1,151
3465;€2-€173
3466;€31-€127
3467;€12-€82
3468;€28-€184
3469;€32-€138
3470;€29-€63
3471;€29-€575
3472;€75-€230
3473;€12-€114
3474;€23-€81
3475;€4-€148
3476;€9-€92
3477;€53-€127
3478;€23-€127
3479;€49-€124
3480;€17-€81
3481;€8-€63
3482;€12-€230
3483;€2-€92
3484;€58-€173
3485;€30-€52
3486;€18-€64
3487;€6-€79
3488;€6-€138
3489;€6-€85
3490;€68-€138
3491;€46-€1,151
3492;€515-€2,474
3493;€92-€173
3494;€45-€78
3495;€35-€46
3496;€17-€1,835
3497;€46-€46
3498;€40-€58
3499;€138-€173
3500;€40-€261
3501;€98-€173
3502;€40-€138
3503;€75-€104
3504;€37-€81
3505;€69-€86
3506;€8-€54
3507;€12-€173
3508;€17-€575
3509;€46-€58
3510;€13-€61
3511;€23-€460
3512;€75-€91
3513;€5-€58
3514;€17-€104
3515;€35-€86
3516;€23-€230
3517;€46-€81
3518;€6-€166
3519;€40-€109
3520;€26-€87
3521;€40-€44
3522;€138-€161
3523;€29-€109
3524;€56-€113
3525;€45-€345
3526;€29-€104
3527;€43-€104
3528;€29-€173
3529;€3-€41
3530;€52-€288
3531;€92-€115
3532;€115-€230
3533;€3-€92
3534;€69-€127
3535;€23-€114
3536;€55-€58
3537;€23-€67
3538;€41-€115
3539;€40-€127
3540;€30-€71
3541;€224-€230
3542;€58-€138
3543;€3-€54
3544;€46-€104
3545;€35-€288
3546;€52-€92
3547;€3-€81
3548;€75-€173
3549;€75-€144
3550;€45-€173
3551;€40-€173
3552;€577-€1,650
3553;€25-€92
3554;€49-€99
3555;€69-€167
3556;€6-€63
3557;€47-€90
3558;€12-€92
3559;€12-€288
3560;€6-€230
3561;€39-€62
3562;€17-€173
3563;€13-€518
3564;€52-€75
3565;€47-€86
3566;€28-€30
3567;€34-€62
3568;€21-€63
3569;€29-€74
3570;€104-€230
3571;€4-€206
3572;€8-€82
3573;€2-€114
3574;€13-€63
3575;€12-€104
3576;€17-€161
3577;€5-€86
3578;€63-€104
3579;€33-€36
3580;€5-€148
3581;€33-€46
3582;€48-€61
3583;€26-€51
3584;€82-€247
3585;€5-€66
3586;€5-€106
3587;€2-€54
3588;€115-€5,753
3589;€14-€173
3590;€46-€219
3591;€26-€86
3592;€6-€131
3593;€7-€81
3594;€58-€92
3595;€92-€127
3596;€3-€86
3597;€32-€104
3598;€4-€124
3599;€17-€98
3600;€29-€138
3601;€18-€92
3602;€14-€114
3603;€1-€12
3604;€51-€155
3605;€63-€92
3606;€60-€103
3607;€92-€184
3608;€29-€86
3609;€44-€176
3610;€38-€109
3611;€46-€66
3612;€80-€213
3613;€52-€178
3614;€11-€86
3615;€47-€92
3616;€17-€128
3617;€34-€91
3618;€57-€575
3619;€40-€167
3620;€60-€159
3621;€34-€94
3622;€38-€126
3623;€34-€71
3624;€14-€138
3625;€23-€61
3626;€49-€54
3627;€40-€172
3628;€32-€229
3629;€24-€51
3630;€18-€117
3631;€68-€68
3632;€40-€54
3633;€34-€103
3634;€33-€138
3635;€23-€56
3636;€80-€80
3637;€18-€78
3638;€87-€143
3639;€22-€70
3640;€83-€83
3641;€37-€46
3642;€13-€71
3643;€76-€76
3644;€127-€127
3645;€68-€80
3646;€11-€161
3647;€13-€77
3648;€10-€107
3649;€34-€575
3650;€31-€44
3651;€37-€41
3652;€66-€68
3653;€67-€71
3654;€118-€118
3655;€26-€69
3656;€22-€47
3657;€26-€104
3658;€8-€115
3659;€33-€40
3660;€59-€235
3661;€22-€115
3662;€42-€170
3663;€20-€263
3664;€46-€51
3665;€28-€155
3666;€27-€53
3667;€37-€56
3668;€23-€77
3669;€56-€114
3670;€11-€224
3671;€39-€89
3672;€34-€230
3673;€2-€138
3674;€23-€2,300
3675;€37-€106
3676;€46-€83
3677;€2-€67
3678;€35-€39
3679;€34-€149
3680;€65-€75
3681;€45-€47
3682;€48-€52
3683;€2-€575
3684;€8-€345
3685;€5-€74
3686;€66-€71
3687;€33-€34
3688;€53-€57
3689;€5-€47
3690;€207-€402
3691;€2-€31
3692;€34-€54
3693;€57-€126
3694;€57-€92
3695;€10-€109
3696;€9-€63
3697;€138-€201
3698;€13-€57
3699;€61,188-€6,847,366
3700;€32-€326
3701;€72-€72
3702;€103-€3,437
3703;€40-€117
3704;€250-€499
3705;€3-€149
3706;€2-€1,150
3707;€32-€66
3708;€115-€1,150
3709;€6-€11,496
3710;€7-€7
3711;€45-€92
3712;€8-€84
3713;€495-€1,814
3714;€29-€71
3715;€67-€67
3716;€46-€57
3717;€2-€171
3718;€29-€113
3719;€4-€1,244
3720;€575-€1,150
3721;€46-€109
3722;€458-€749
3723;€24-€27
3724;€41-€163
3725;€6-€92
3726;€54-€112
3727;€6-€460
3728;€14-€575
3729;€6-€1,373
3730;€18-€86
3731;€40-€126
3732;€67-€207
3733;€5-€161
3734;€11-€287
3735;€18-€68
3736;€24-€109
3737;€2-€690
3738;€101-€102
3739;€17-€120
3740;€357-€998
3741;€29-€98
3742;€34-€63
3743;€21-€51
3744;€1,150-€1,150
3745;€2-€166
3746;€69-€70
3747;€10-€72
3748;€80-€195
3749;€103-€103
3750;€64-€207
3751;€103-€201
3752;€44-€52
3753;€5-€67
3754;€28-€29
3755;€59-€60
3756;€103-€132
3757;€2-€344
3758;€9-€66
3759;€8-€72
3760;€310-€494
3761;€15-€109
3762;€67-€109
3763;€13-€56
3764;€2-€109
3765;€42-€169
3766;€6-€172
3767;€11-€230
3768;€25-€63
3769;€21-€86
3770;€7-€109
3771;€30-€31
3772;€57-€229
3773;€32-€63
3774;€6-€1,149
3775;€85-€85
3776;€62-€62
3777;€7-€70
3778;€2-€53
3779;€2-€460
3780;€11-€84
3781;€126-€126
3782;€17-€460
3783;€47-€146
3784;€25-€115
3785;€9-€87
3786;€37-€103
3787;€115-€34,484
3788;€34-€55
3789;€569-€2,063
3790;€32-€113
3791;€6-€155
3792;€103-€126
3793;€23-€103
3794;€48-€56
3795;€7-€76
3796;€977-€1,897
3797;€33-€90
3798;€13-€287
3799;€115-€1,149
3800;€10-€126
3801;€11-€56
3802;€11-€68
3803;€10-€345
3804;€40-€103
3805;€20-€1,149
3806;€86-€138
3807;€2-€458
3808;€53-€53
3809;€46-€62
3810;€26-€102
3811;€9-€101
3812;€115-€172
3813;€412-€1,410
3814;€14-€1,149
3815;€23-€747
3816;€23-€287
3817;€2-€172
3818;€34-€137
3819;€13-€51
3820;CHF 39-CHF 39
3821;CHF 27-CHF 37
3822;CHF 5-CHF 21
3823;CHF 15-CHF 101
3824;CHF 13-CHF 114
3825;CHF 5-CHF 6
3826;CHF 38-CHF 50
3827;CHF 3-CHF 5
3828;CHF 3-CHF 32
3829;CHF 13-CHF 57
3830;CHF 15-CHF 24
3831;CHF 15-CHF 74
3832;CHF 5-CHF 28
3833;CHF 14-CHF 24
3834;CHF 34-CHF 34
3835;CHF 35-CHF 39
3836;CHF 58-CHF 58
3837;CHF 8-CHF 42
3838;CHF 8-CHF 37
3839;CHF 15-CHF 43
3840;CHF 5-CHF 20
3841;CHF 9-CHF 10
3842;CHF 4-CHF 74
3843;CHF 4-CHF 49
3844;CHF 59-CHF 59
3845;CHF 23-CHF 44
3846;CHF 10-CHF 50
3847;CHF 6-CHF 24
3848;CHF 8-CHF 21
3849;CHF 27-CHF 41
3850;CHF 25-CHF 63
3851;CHF 9-CHF 13
3852;CHF 25-CHF 38
3853;CHF 15-CHF 37
3854;CHF 14-CHF 50
3855;CHF 14-CHF 19
3856;CHF 4-CHF 21
3857;CHF 18-CHF 29
3858;CHF 10-CHF 40
3859;CHF 19-CHF 50
3860;CHF 19-CHF 85
3861;CHF 21-CHF 38
3862;CHF 8-CHF 10
3863;CHF 8-CHF 35
3864;CHF 23-CHF 39
3865;CHF 38-CHF 76
3866;CHF 6-CHF 30
3867;CHF 3-CHF 442
3868;CHF 32-CHF 82
3869;CHF 30-CHF 56
3870;CHF 13-CHF 252
3871;CHF 4-CHF 20
3872;CHF 7-CHF 37
3873;CHF 16-CHF 46
3874;€40-€156
3875;€24-€52
3876;€259-€977
3877;€29-€661
3878;€45-€71
3879;€8-€67
3880;€8-€10,000
3881;€5-€103
3882;€31-€47
3883;€12-€229
3884;€87-€87
3885;€9-€67
3886;€5-€81
3887;€52-€161
3888;€29-€147
3889;€35-€116
3890;€63-€75
3891;€17-€71
3892;€2-€706
3893;€915-€2,302
3894;€290-€1,241
3895;€32-€53
3896;€33-€134
3897;€8-€71
3898;€56-€56
3899;€3-€55
3900;€38-€73
3901;€42-€66
3902;€5-€71
3903;€86-€173
3904;€2-€328
3905;€53-€54
3906;€33-€81
3907;€2-€426
3908;€576-€2,877
3909;€29-€53
3910;€5-€62
3911;€394-€1,805
3912;€40-€207
3913;€62-€94
3914;€9-€136
3915;€58-€1,382
3916;€2-€98
3917;€6-€864
3918;€30-€51
3919;€10-€129
3920;€24-€46
3921;€2-€165
3922;€38-€131
3923;€48-€81
3924;€37-€60
3925;€32-€36
3926;€6-€56
3927;€575-€1,611
3928;€10-€53
3929;€16-€109
3930;€10-€115
3931;€44-€114
3932;€12-€11,514
3933;€23-€68
3934;€96-€96
3935;€18-€126
3936;€3-€173
3937;€13-€576
3938;€6-€173
3939;€2-€576
3940;€69-€1,154
3941;€5-€92
3942;€52-€87
3943;€3-€68
3944;€92-€1,616
3945;€46-€67
3946;€17-€588
3947;€100-€127
3948;€30-€58
3949;€38-€81
3950;€22-€121
3951;€457-€832
3952;€6-€104
3953;€8-€1,153
3954;€67-€72
3955;€2-€102
3956;€329-€1,160
3957;€333-€2,162
3958;€15-€81
3959;€5-€110
3960;€29-€127
3961;€69-€82
3962;€75-€110
3963;€17-€150
3964;€44-€99
3965;€456-€2,072
3966;€329-€329
3967;€6-€83
3968;€28-€87
3969;€35-€1,154
3970;€2-€231
3971;€31-€81
3972;€58-€139
3973;€249-€1,243
3974;€1,518-€2,309
3975;€290-€997
3976;€14-€11,543
3977;€28-€33
3978;€23-€87
3979;€28-€57
3980;€41-€51
3981;€6-€346
3982;€3-€254
3983;€45-€103
3984;€32-€88
3985;€374-€748
3986;€11-€832
3987;€47-€115
3988;€12-€1,154
3989;€3-€110
3990;€113-€144
3991;€8-€81
3992;€2-€1,154
3993;€5-€114
3994;€5-€63
3995;€1,895-€2,295
3996;€14-€152
3997;€13-€73
3998;€12-€289
3999;€110-€110
4000;€52-€84
4001;€6-€87
4002;€2-€254
4003;€5-€1,154
4004;€29,108-€37,424
4005;€60-€122
4006;€31-€46
4007;€29-€231
4008;€13-€135
4009;€2-€59
4010;€110-€144
4011;€687-€687
4012;€65-€87
4013;€82-€82
4014;€5-€115
4015;€51-€60
4016;€2-€11,543
4017;€81-€179
4018;€40-€47
4019;€7-€142,504,064
4020;€9-€81
4021;€3-€73
4022;€571-€1,957
4023;€20-€87
4024;€6-€1,500
4025;€14-€93
4026;€28-€139
4027;€375-€1,041
4028;€34-€41
4029;€17-€87
4030;€6-€1,158
4031;€405-€1,615
4032;€8-€93
4033;€284-€666
4034;€29-€81
4035;€3-€984
4036;€30-€41
4037;€7-€62
4038;€35-€36
4039;€41-€58
4040;€12-€116
4041;€10-€1,963
4042;€22-€120
4043;€34-€45
4044;€39-€93
4045;€38-€112
4046;€4-€416
4047;€12-€405
4048;€457-€921
4049;€32-€84
4050;€2-€116
4051;€29-€64
4052;€179-€278
4053;€75-€179
4054;€81-€984
4055;€12-€1,158
4056;€9-€232
4057;€151-€197
4058;€7-€64
4059;€4-€79
4060;€42-€47
4061;€1,274-€1,621
4062;€58-€110
4063;€6-€579
4064;€15-€71
4065;€14-€347
4066;€15-€579
4067;€23-€2,316
4068;€17-€290
4069;€2-€174
4070;€15-€91
4071;€58-€579
4072;€35-€66
4073;€174-€347
4074;€97-€97
4075;€17-€116
4076;€12-€1,112
4077;€8-€64
4078;€42-€172
4079;€29-€203
4080;€49-€72
4081;€42-€58
4082;€6-€116
4083;€116-€579
4084;€47-€73
4085;€3-€98
4086;€34-€166
4087;€57-€95
4088;€695-€2,316
4089;€60-€239
4090;€115-€689
4091;€42-€49
4092;€10-€64
4093;€27-€56
4094;€1,390-€3,474
4095;€64-€87
4096;€14-€87
4097;€35-€49
4098;€12-€2,316
4099;€457-€1,384
4100;€98-€174
4101;€14-€232
4102;€34-€35
4103;€9-€117
4104;€36-€47
4105;€496-€1,666
4106;€3-€232
4107;€33-€106
4108;€70-€70
4109;€6-€185
4110;€329-€829
4111;€23-€82
4112;€10-€93
4113;€35-€149
4114;€85-€170
4115;€5-€93
4116;€5-€1,158
4117;€416-€1,124
4118;€45-€83
4119;€110-€151
4120;€2-€232
4121;€583-€1,249
4122;€573-€1,036
4123;€2-€811
4124;€579-€1,412
4125;€28-€86
4126;€3-€116
4127;€115-€5,773
4128;€1,149-€2,880
4129;€300-€964
4130;€46-€55
4131;€52-€127
4132;€17-€577
4133;€42-€45
4134;€2-€1,149
4135;€81-€81
4136;€498-€979
4137;€743-€2,073
4138;€46-€139
4139;€74-€75
4140;€8-€309,635
4141;€2-€291
4142;€21-€22
4143;€2-€164
4144;€24-€79
4145;€13-€83
4146;€9-€91
4147;€87-€208
4148;€12-€1,155
4149;€981-€2,540
4150;€20-€73
4151;€8-€1,155
4152;€17-€231
4153;€17-€68
4154;€44-€45
4155;€32-€87
4156;€6-€577
4157;€43-€174
4158;€353-€1,242
4159;€12-€231
4160;€50-€51
4161;€12-€87
4162;€8-€831
4163;€2-€110
4164;€1,212-€2,944
4165;€58-€577
4166;€6-€231
4167;€12-€577
4168;€4-€831
4169;€2-€47
4170;€23-€346
4171;€3-€43
4172;€3-€74
4173;€58-€69
4174;€3-€87
4175;€173-€2,192
4176;€14-€1,153
4177;€6-€1,788
4178;€30-€81
4179;€13-€81
4180;€433-€2,765
4181;€42-€99
4182;€40-€81
4183;€8-€204
4184;€231-€1,097
4185;€13-€68
4186;€1-€8
4187;€307-€827
4188;€115-€1,155
